,chars,lines,line_num,mod_line,scene_setup
0,Narrator,"In a far away land, long ago, lived a king and his fair queen. Many years had they longed for a child and finally their wish was granted. A daughter was born, and they called her Aurora. Yes, they named her after the dawn for she filled their lives with sunshine. Then a great holiday was proclaimed throughout the kingdom, so that all of high or low estate might pay homage to the infant princess. And our story begins on that most joyful day.
[a crowd is on its way to the castle]
",77,"In a far away land, long ago, lived a king and his fair queen. Many years had they longed for a child and finally their wish was granted. A daughter was born, and they called her Aurora. Yes, they named her after the dawn for she filled their lives with sunshine. Then a great holiday was proclaimed throughout the kingdom, so that all of high or low estate might pay homage to the infant princess. And our story begins on that most joyful day.",a crowd is on its way to the castle
1,Choir,"Joyfully now to our princess we come,
Bringing gifts and all good wishes too.
We pledge our loyalty anew.
Hail to the princess Aurora!
All of her subjects adore her!
Hail to the King!
Hail to the Queen!
Hail to the princess Aurora!
Health to the princess,
Wealth to the princess,
Long live the princess Aurora!
Hail Aurora!
Hail Aurora!
Health to the princess,
Wealth to the princess,
Long live the princess Aurora!
Hail to the King!
Hail to the Queen!
Hail to the princess Aurora!
[inside the castle]
",80,"Joyfully now to our princess we come, Bringing gifts and all good wishes too. We pledge our loyalty anew. Hail to the princess Aurora! All of her subjects adore her! Hail to the King! Hail to the Queen! Hail to the princess Aurora! Health to the princess, Wealth to the princess, Long live the princess Aurora! Hail Aurora! Hail Aurora! Health to the princess, Wealth to the princess, Long live the princess Aurora! Hail to the King! Hail to the Queen! Hail to the princess Aurora!",inside the castle
2,Narrator,"Thus on this great and joyous day did all the kingdom celebrate the long awaited royal birth. And good King Stefan and his Queen made welcome their life long friend.
",101,Thus on this great and joyous day did all the kingdom celebrate the long awaited royal birth. And good King Stefan and his Queen made welcome their life long friend.,
3,Announcer,"Their royal highnesses, King Hubert and prince Phillip
",103,"Their royal highnesses, King Hubert and prince Phillip",
4,Narrator,"Fondly had these monarchs dreamed one day their kingdoms to unite. Thus today would they announce that Phillip, Huberts son and heir to Stefan's child would be betrothed. And so to her his gift he brought, and looked, unknowing, on his future bride.
",105,"Fondly had these monarchs dreamed one day their kingdoms to unite. Thus today would they announce that Phillip, Huberts son and heir to Stefan's child would be betrothed. And so to her his gift he brought, and looked, unknowing, on his future bride.",
5,Announcer,"The most honored and exalted excellencies, the three good fairies. Mistress Flora, mistress Fauna, and mistress Merryweather.
",107,"The most honored and exalted excellencies, the three good fairies. Mistress Flora, mistress Fauna, and mistress Merryweather.",
6,Fairies,"[at the cradle] Oh, the little darling! [to the king] Your majesties,
",109,"Oh, the little darling!  Your majesties,",at the cradleto the king
7,Flora,"Each of us the child may bless with a single gift. No more, no less. [at the cradle] Little princess, my gift shall be the gift of beauty.
",111,"Each of us the child may bless with a single gift. No more, no less.  Little princess, my gift shall be the gift of beauty.",at the cradle
8,Choir,"One gift, beauty rare
Full of sunshine in her hair
Lips that shame the red red rose
She'll walk with springtime
Wherever she goes
",113,"One gift, beauty rare Full of sunshine in her hair Lips that shame the red red rose She'll walk with springtime Wherever she goes",
9,Fauna,"Tiny princess, my gift shall be the gift of song.
",119,"Tiny princess, my gift shall be the gift of song.",
10,Choir,"One gift, the gift of song
Melody her whole life long
The nightingale's her troubadour
Bringing her sweet serenade
to her door
",121,"One gift, the gift of song Melody her whole life long The nightingale's her troubadour Bringing her sweet serenade to her door",
11,Merryweather,"Sweet princess, my gift shall be ...
[A blow of the wind, the door of the castle swings open. Lightning and thunder. Maleficent appears]
",127,"Sweet princess, my gift shall be ...","A blow of the wind, the door of the castle swings open. Lightning and thunder. Maleficent appears"
12,Flora,"Why, it's Maleficent!
",130,"Why, it's Maleficent!",
13,Merryweather,"What does she want here?
",132,What does she want here?,
14,Fauna,"Shhh!
",134,Shhh!,
15,Maleficent,"Well, quite a glittering assemblage, King Stefan. Royalty, nobility, the gentry, and, how quaint, even the rebel.
[Merryweather starts angrily starts to fly towards Maleficent but is held back by Flora]
",136,"Well, quite a glittering assemblage, King Stefan. Royalty, nobility, the gentry, and, how quaint, even the rebel.",Merryweather starts angrily starts to fly towards Maleficent but is held back by Flora
16,Merryweather,"I really felt quite distressed of not receiving an invitation.
",139,I really felt quite distressed of not receiving an invitation.,
17,Merryweather,"You weren't wanted!
",141,You weren't wanted!,
18,Maleficent,"Not wa...? Oh dear, what an awkward situation. I had hoped it was merely due to some oversight. Well, in that event I'd best be on my way.
",143,"Not wa...? Oh dear, what an awkward situation. I had hoped it was merely due to some oversight. Well, in that event I'd best be on my way.",
19,Queen,"And you're not offended, your excellency?
",145,"And you're not offended, your excellency?",
20,Maleficent,"Why no, your majesty. And to show I bear no ill will, I, too, shall bestow a gift on the child.
[The fairies protect the cradle]
",147,"Why no, your majesty. And to show I bear no ill will, I, too, shall bestow a gift on the child.",The fairies protect the cradle
21,Maleficent,"Listen well, all of you! The princess shall indeed grow in grace and beauty, beloved by all who know her. But, before the sun sets on her sixteenth birthday, she shall prick her finger on the spindle of a spinning wheel and die.
",150,"Listen well, all of you! The princess shall indeed grow in grace and beauty, beloved by all who know her. But, before the sun sets on her sixteenth birthday, she shall prick her finger on the spindle of a spinning wheel and die.",
22,Queen,"Oh no! [takes the child in her arm]
",152,Oh no!,takes the child in her arm
23,Maleficent,"Ha, ha, ha, ha!
",154,"Ha, ha, ha, ha!",
24,Stefan,"Seize that creature!
",156,Seize that creature!,
25,Maleficent,"Stand back you fools. [disappears in a flash of lightning, laughing]
",158,Stand back you fools.,"disappears in a flash of lightning, laughing"
26,Flora,"Don't despair, your majesties. Merryweather still has her gift to give.
",160,"Don't despair, your majesties. Merryweather still has her gift to give.",
27,Stefan,"Then she can undo this fearful curse?
",162,Then she can undo this fearful curse?,
28,Merryweather,"Oh no, sire.
",164,"Oh no, sire.",
29,Flora,"Maleficent's powers are far too great.
",166,Maleficent's powers are far too great.,
30,Fauna,"But she can help!
",168,But she can help!,
31,Merryweather,"But ...
",170,But ...,
32,Fauna,"Just do your best, dear.
",172,"Just do your best, dear.",
33,Flora,"Yes ...
",174,Yes ...,
34,Merryweather,"Sweet princess, if through this wicked witches trick a spindle should your finger prick, a ray of hope there still may be in this, the gift I give at thee. Not in death but just in sleep the fateful prophecy you'll keep, and from this slumber you shall wake when true love's kiss the spell shall break.
",176,"Sweet princess, if through this wicked witches trick a spindle should your finger prick, a ray of hope there still may be in this, the gift I give at thee. Not in death but just in sleep the fateful prophecy you'll keep, and from this slumber you shall wake when true love's kiss the spell shall break.",
35,Choir,"For true love conquers all
",178,For true love conquers all,
36,Narrator,"But King Stefan, still fearful of his daughter's life, did then and there decree that every spinning wheel in the kingdom should on that very day be burnt. So it was done.
[The fairies alone in the castle, drinking tea]
",180,"But King Stefan, still fearful of his daughter's life, did then and there decree that every spinning wheel in the kingdom should on that very day be burnt. So it was done.","The fairies alone in the castle, drinking tea"
37,Flora,"Silly fiddle faddle!
",183,Silly fiddle faddle!,
38,Fauna,"Now, come have a nice cup of tea, dear. I'm sure it'll work out somehow.
",185,"Now, come have a nice cup of tea, dear. I'm sure it'll work out somehow.",
39,Merryweather,"Well, a bonfire won't stop Maleficent.
",187,"Well, a bonfire won't stop Maleficent.",
40,Flora,"Of course not. But what will?
",189,Of course not. But what will?,
41,Fauna,"Well, perhaps if we reason with her.
",191,"Well, perhaps if we reason with her.",
42,Flora,"Reason?
",193,Reason?,
43,Merryweather,"With Maleficent?
",195,With Maleficent?,
44,Fauna,"Well, she can't be all bad.
",197,"Well, she can't be all bad.",
45,Flora,"Oh, yes, she can.
",199,"Oh, yes, she can.",
46,Merryweather,"I'd like to turn her into a fat ole hoptoad!
",201,I'd like to turn her into a fat ole hoptoad!,
47,Fauna,"Now, dear, that isn't a very nice thing to say.
",203,"Now, dear, that isn't a very nice thing to say.",
48,Flora,"Besides, we can't. You know our magic doesn't work that way.
",205,"Besides, we can't. You know our magic doesn't work that way.",
49,Fauna,"It can only do good, dear, to bring joy and happiness.
",207,"It can only do good, dear, to bring joy and happiness.",
50,Merryweather,"Well, that would make me happy.
",209,"Well, that would make me happy.",
51,Flora,"But there must be some way ... There he is!
",211,But there must be some way ... There he is!,
52,Merryweather,"There he is?
",213,There he is?,
53,Fauna,"What is it, Flora?
",215,"What is it, Flora?",
54,Flora,"I'm going to ... shh, shh, shh! Even walls have ears.
[Flora sneaks around the corners]
",217,"I'm going to ... shh, shh, shh! Even walls have ears.",Flora sneaks around the corners
55,Flora,"Follow me!
[Flora minimizes herself, the other two follow her into the insides of a something on the table]
",220,Follow me!,"Flora minimizes herself, the other two follow her into the insides of a something on the table"
56,Flora,"I'll turn her into a flower!
",223,I'll turn her into a flower!,
57,Merryweather,"Maleficent?
",225,Maleficent?,
58,Flora,"Oh no, dear, the princess!
",227,"Oh no, dear, the princess!",
59,Fauna,"Oh she'd make a lovely flower.
",229,Oh she'd make a lovely flower.,
60,Flora,"Don't you see, a flower can't prick its finger.
",231,"Don't you see, a flower can't prick its finger.",
61,Merryweather,"It hasn't any.
",233,It hasn't any.,
62,Fauna,"That's right.
",235,That's right.,
63,Flora,"She'll be perfectly safe.
",237,She'll be perfectly safe.,
64,Merryweather,"Until Maleficent sends a frost.
",239,Until Maleficent sends a frost.,
65,Flora,"Yes, a ... oh dear!
",241,"Yes, a ... oh dear!",
66,Fauna,"She always ruins your nicest flowers.
",243,She always ruins your nicest flowers.,
67,Flora,"You're right. And she'll be expecting us to do something like that.
",245,You're right. And she'll be expecting us to do something like that.,
68,Merryweather,"But what won't she expect, she knows everything.
",247,"But what won't she expect, she knows everything.",
69,Fauna,"Oh but she doesn't dear. Maleficent doesn't know anything about love, or kindness, or the joy of helping earnest. You know, sometimes I don't think she's really very happy.
",249,"Oh but she doesn't dear. Maleficent doesn't know anything about love, or kindness, or the joy of helping earnest. You know, sometimes I don't think she's really very happy.",
70,Flora,"[getting excited] That's it, of course! It's the only thing she can't understand, and won't expect. [to herself] oh, oh, now, now ... We have to plan it carefully, let's see, woodcutters cottage, yes, yes, the abandoned one, of course the King and Queen will object, but when we explain it's the only way ...
",251,"That's it, of course! It's the only thing she can't understand, and won't expect.  oh, oh, now, now ... We have to plan it carefully, let's see, woodcutters cottage, yes, yes, the abandoned one, of course the King and Queen will object, but when we explain it's the only way ...",getting excitedto herself
71,Merryweather,"Explain what?
",253,Explain what?,
72,Flora,"About the three peasant women raising a foundling child deep in the forest.
",255,About the three peasant women raising a foundling child deep in the forest.,
73,Fauna,"Oh, that's very nice of them.
",257,"Oh, that's very nice of them.",
74,Merryweather,"Who are they?
",259,Who are they?,
75,Flora,"Turn around!
[While Merryweather and Fauna turn around to face a mirror, Flora changes their outfit to peasantness]
",261,Turn around!,"While Merryweather and Fauna turn around to face a mirror, Flora changes their outfit to peasantness"
76,Fauna,"iih ... why, it's ... us!
",264,"iih ... why, it's ... us!",
77,Merryweather,"You mean, we, us?
",266,"You mean, we, us?",
78,Fauna,"Take care of the baby?
",268,Take care of the baby?,
79,Flora,"Why not?
",270,Why not?,
80,Fauna,"Oh, i'd like that!
",272,"Oh, i'd like that!",
81,Merryweather,"[notices that her dress is pink and changes its color to blue] Well, yes, yes, but will we have to feed it?
",274,"Well, yes, yes, but will we have to feed it?",notices that her dress is pink and changes its color to blue
82,Fauna,"And wash it and dress it and rock it to sleep. Oh I'd love it.
",276,And wash it and dress it and rock it to sleep. Oh I'd love it.,
83,Merryweather,"You really think we can?
",278,You really think we can?,
84,Flora,"If humans can do it, so can we.
",280,"If humans can do it, so can we.",
85,Merryweather,"And we have our magic to help us.
",282,And we have our magic to help us.,
86,Fauna,"That's right.
",284,That's right.,
87,Flora,"Oh, no, no, no, no, no magic! I'll take those wands right now. Oh, better get rid of those wings, too.
",286,"Oh, no, no, no, no, no magic! I'll take those wands right now. Oh, better get rid of those wings, too.",
88,Merryweather,"You mean, live like mortals? For sixteen years? [Flora removes Merryweather's wings] Now, we don't know how. We've never done anything without magic.
",288,"You mean, live like mortals? For sixteen years?  Now, we don't know how. We've never done anything without magic.",Flora removes Merryweather's wings
89,Flora,"And that's why Maleficent will never suspect.
",290,And that's why Maleficent will never suspect.,
90,Merryweather,"But who'll wash, and cook?
",292,"But who'll wash, and cook?",
91,Flora,"Oh, we'll all pitch in.
",294,"Oh, we'll all pitch in.",
92,Fauna,"I'll take care of the baby!
",296,I'll take care of the baby!,
93,Flora,"Let me have it, dear. [still hunting for Merryweather's wand]
",298,"Let me have it, dear.",still hunting for Merryweather's wand
94,Flora,"Come along now, We must tell their majesties at once.
[Flora changes herself to normal size, but first forgets about Fauna and Merryweather]
",300,"Come along now, We must tell their majesties at once.","Flora changes herself to normal size, but first forgets about Fauna and Merryweather"
95,Fauna,"Flora!
",303,Flora!,
96,Merryweather,"Flora!
[Flora notices and blows up Fauna and Merryweather. They leave the room]
[Outside the castle. We see Stefan and the Queen at a balcony looking down towards the the fairies carrying the baby away]
",305,Flora!,Flora notices and blows up Fauna and Merryweather. They leave the roomOutside the castle. We see Stefan and the Queen at a balcony looking down towards the the fairies carrying the baby away
97,Narrator,"So the king and his queen watched with heavy hearts as their most precious posession, their only child, disappeared into the night.
[the storybook]
",309,"So the king and his queen watched with heavy hearts as their most precious posession, their only child, disappeared into the night.",the storybook
98,Narrator,"Many sad and lonely years passed by for King Stefan and his people. But as the time for the princesses sixteenth birthday drew near, the entire kingdom began to rejoice. For everyone knew that as long as Maleficent's domain, the forbidden mountains, thundered with her wrath and frustration, her evil prophecy had not yet been fulfilled.
[inside Maleficent's castle. Maleficent talks to her search patrol]
",312,"Many sad and lonely years passed by for King Stefan and his people. But as the time for the princesses sixteenth birthday drew near, the entire kingdom began to rejoice. For everyone knew that as long as Maleficent's domain, the forbidden mountains, thundered with her wrath and frustration, her evil prophecy had not yet been fulfilled.",inside Maleficent's castle. Maleficent talks to her search patrol
99,Maleficent,"It's incredible, sixteen years and not a trace of her! She couldn't have vanished into thin air. Are you sure you searched everywhere?
",315,"It's incredible, sixteen years and not a trace of her! She couldn't have vanished into thin air. Are you sure you searched everywhere?",
100,1st servant,"yeah, yeah, anywhere, we all ...
",317,"yeah, yeah, anywhere, we all ...",
101,2nd servant,"yeah, yeah!
",319,"yeah, yeah!",
102,Maleficent,"But what about the town, the forests, the mountains?
",321,"But what about the town, the forests, the mountains?",
103,1st servant,"We searched mountains, forests, and houses, and let me see, in all the cradles.
",323,"We searched mountains, forests, and houses, and let me see, in all the cradles.",
104,Maleficent,"Cradle?
",325,Cradle?,
105,1st servant,"Yeah, yeah, every cradle.
",327,"Yeah, yeah, every cradle.",
106,Maleficent,"[angry] Cradle? [to her pet raven] Did you hear that my pet? All these years, they've been looking for a baby! [laughing] oh, oh, ha, ha, ha ...
",329,"Cradle?  Did you hear that my pet? All these years, they've been looking for a baby!  oh, oh, ha, ha, ha ...",angryto her pet ravenlaughing
107,Servants,"[join laughter] ha, ha, ha ...
",331,"ha, ha, ha ...",join laughter
108,Maleficent,"[abruptly stops laughing] [angry] Fools! Idiots! Imbeciles! [drives her search patrol away] [alone with her pet again] Oh, they're hopeless. A disgrace to the forces of evil. [talking to the raven] My pet, you are my last hope. Circle far and wide, search for a maid of sixteen with hair of sunshine gold and lips red as the rose. Go, and do not fail me. [pet flies away]
[The camera approaches a house in the woods]
",333,"Fools! Idiots! Imbeciles!   Oh, they're hopeless. A disgrace to the forces of evil.  My pet, you are my last hope. Circle far and wide, search for a maid of sixteen with hair of sunshine gold and lips red as the rose. Go, and do not fail me.",abruptly stops laughingangrydrives her search patrol awayalone with her pet againtalking to the ravenpet flies awayThe camera approaches a house in the woods
109,Narrator,"And so for sixteen long years the whereabouts of the princess remained a mystery, while deep in the forest, in a woodcutter's cottage, the good fairies carried out their well-laid plan. Living like mortals, they had reared the child as their own and called her Briar Rose.
[A window of the cottage opens, and Briar Rose appears, humming some tune]
",336,"And so for sixteen long years the whereabouts of the princess remained a mystery, while deep in the forest, in a woodcutter's cottage, the good fairies carried out their well-laid plan. Living like mortals, they had reared the child as their own and called her Briar Rose.","A window of the cottage opens, and Briar Rose appears, humming some tune"
110,Narrator,"On this her sixteenth birthday the good fairies had planned a party and something extra special for her surprise.
[The camera turns downward. The fairies sit over a book of dresses]
",339,On this her sixteenth birthday the good fairies had planned a party and something extra special for her surprise.,The camera turns downward. The fairies sit over a book of dresses
111,Merryweather,"How about this one?
",342,How about this one?,
112,Flora,"This is the one I picked.
",344,This is the one I picked.,
113,Fauna,"Oh she'll look beautiful in it.
",346,Oh she'll look beautiful in it.,
114,Flora,"Now I thought a few changes here ...
",348,Now I thought a few changes here ...,
115,Merryweather,"Aha
",350,Aha,
116,Fauna,"Don't forget a pretty bow ...
",352,Don't forget a pretty bow ...,
117,Flora,"And there's the shoulder line.
",354,And there's the shoulder line.,
118,Merryweather,"We'll make it blue.
",356,We'll make it blue.,
119,Flora,"Oh no, dear, pink.
",358,"Oh no, dear, pink.",
120,Merryweather,"But ...
",360,But ...,
121,Flora,"Of course, we'll need a few pleats
",362,"Of course, we'll need a few pleats",
122,Fauna,"Yes, but how are we going to get her out of the house?
",364,"Yes, but how are we going to get her out of the house?",
123,Flora,"Oh, I'll think of something.
[Briar Rose comes down the stairs and finds the fairies]
",366,"Oh, I'll think of something.",Briar Rose comes down the stairs and finds the fairies
124,Briar Rose,"Well, and what are you three dears up to?
",369,"Well, and what are you three dears up to?",
125,Merryweather,"Up to?
",371,Up to?,
126,Fauna,"Up to?
",373,Up to?,
127,Flora,"Up to?
",375,Up to?,
128,Flora,"eh, eh, eh, we, we, well, we, we ...
",377,"eh, eh, eh, we, we, well, we, we ...",
129,Merryweather,"Want you to pick some berries.
",379,Want you to pick some berries.,
130,Flora,"That's it, berries!
",381,"That's it, berries!",
131,Briar Rose,"Berries?
",383,Berries?,
132,Fauna,"Lots of berries.
",385,Lots of berries.,
133,Briar Rose,"But I picked berries yesterday.
",387,But I picked berries yesterday.,
134,Flora,"Oh, we need more, dear.
",389,"Oh, we need more, dear.",
135,Fauna,"Lots, lots more.
",391,"Lots, lots more.",
136,Flora,"Yes!
[The fairies push Briar Rose out of the house]
",393,Yes!,The fairies push Briar Rose out of the house
137,Flora,"Now don't hurry back, dear.
",396,"Now don't hurry back, dear.",
138,Merryweather,"And don't go to far.
",398,And don't go to far.,
139,Flora,"And don't speak to strangers.
",400,And don't speak to strangers.,
140,Fauna,"Goodbye, dear!
",402,"Goodbye, dear!",
141,Merryweather,"Goodbye!
",404,Goodbye!,
142,Flora,"Goodbye!
",406,Goodbye!,
143,Briar Rose,"Goodbye!
[The fairies close the door and get back inside]
",408,Goodbye!,The fairies close the door and get back inside
144,Merryweather,"I wonder if she suspects.
",411,I wonder if she suspects.,
145,Flora,"Of course not, come on. Will she be surprised!
",413,"Of course not, come on. Will she be surprised!",
146,Merryweather,"A real birthday party.
",415,A real birthday party.,
147,Fauna,"With a real birthday cake.
",417,With a real birthday cake.,
148,Flora,"Yes, and a dress a princess can be proud of.
",419,"Yes, and a dress a princess can be proud of.",
149,Merryweather,"I'll get the wands.
",421,I'll get the wands.,
150,Flora,"Yes, you ... the wands?
",423,"Yes, you ... the wands?",
151,Fauna,"Oh no.
",425,Oh no.,
152,Flora,"No magic!
",427,No magic!,
153,Merryweather,"But the sixteen years are almost over.
",429,But the sixteen years are almost over.,
154,Flora,"We're taking no chances.
",431,We're taking no chances.,
155,Merryweather,"But, I never baked a fancy cake.
",433,"But, I never baked a fancy cake.",
156,Flora,"Oh, you won't have to, dear.
",435,"Oh, you won't have to, dear.",
157,Fauna,"I'm going to bake the cake.
",437,I'm going to bake the cake.,
158,Merryweather,"You?
",439,You?,
159,Flora,"She's always wanted to, dear, and this is her last chance.
",441,"She's always wanted to, dear, and this is her last chance.",
160,Merryweather,"Well, ...
",443,"Well, ...",
161,Fauna,"I'm going to make it fifteen layers with pink and blue, forgive-me-nots ...
",445,"I'm going to make it fifteen layers with pink and blue, forgive-me-nots ...",
162,Flora,"And i'm making the dress.
",447,And i'm making the dress.,
163,Merryweather,"But you can't sow, and she's never cooked!
",449,"But you can't sow, and she's never cooked!",
164,Flora,"Oh, it's simple.
",451,"Oh, it's simple.",
165,Fauna,"All you do is follow the book.
[Flora directs Merryweather to stand on a chair]
",453,All you do is follow the book.,Flora directs Merryweather to stand on a chair
166,Flora,"Up here dear, you can be the dummy.
",456,"Up here dear, you can be the dummy.",
167,Merryweather,"Well, I still say we ought to use magic.
[Flora throws a sheet of pink cloth above Merryweather and begins cutting with a pair of scissors. Fauna has laid all the ingredients for the cake before her.]
",458,"Well, I still say we ought to use magic.",Flora throws a sheet of pink cloth above Merryweather and begins cutting with a pair of scissors. Fauna has laid all the ingredients for the cake before her.
168,Fauna,"[reads from the book] Flour, three cups. [searching] Cups, cups, cups, cups, cups ... [finds three cups of different sizes and uses them to pour flour into the bowl] One, two, three.
[Flora has cut a circular hole into the sheet]
",461,"Flour, three cups.  Cups, cups, cups, cups, cups ...  One, two, three.",reads from the booksearchingfinds three cups of different sizes and uses them to pour flour into the bowlFlora has cut a circular hole into the sheet
169,Merryweather,"What's that for?
",464,What's that for?,
170,Flora,"Well, it's got to have a hole in the bottom.
",466,"Well, it's got to have a hole in the bottom.",
171,Fauna,"That's for the feet to go through.
",468,That's for the feet to go through.,
172,Merryweather,"It's pink!
",470,It's pink!,
173,Flora,"Oh, lovely shade, isn't it.
",472,"Oh, lovely shade, isn't it.",
174,Merryweather,"But I wanted it blue.
",474,But I wanted it blue.,
175,Flora,"Now, dear, we decided pink was her color.
",476,"Now, dear, we decided pink was her color.",
176,Merryweather,"You decided!
",478,You decided!,
177,Fauna,"[still reads from the book] Two eggs, fold in gently Fold? Oh well.
[Fauna puts two eggs into the bowl and starts to fold them in. We hear their shells cracking. Merryweather is completely hulled into the pink cloth]
",480,"Two eggs, fold in gently Fold? Oh well.",still reads from the bookFauna puts two eggs into the bowl and starts to fold them in. We hear their shells cracking. Merryweather is completely hulled into the pink cloth
178,Merryweather,"I can't breathe!
[Flora cuts the cloth open at the top. Merryweather takes a look at the dress from the inside]
",483,I can't breathe!,Flora cuts the cloth open at the top. Merryweather takes a look at the dress from the inside
179,Merryweather,"It looks awful.
",486,It looks awful.,
180,Flora,"That's because it's on you, dear.
",488,"That's because it's on you, dear.",
181,Fauna,"[at her cake] Now yeast, one tsp. tsp?
",490,"Now yeast, one tsp. tsp?",at her cake
182,Merryweather,"One teaspoon!
",492,One teaspoon!,
183,Fauna,"One teaspoon, of course.
[Flora measures some size of the dress]
",494,"One teaspoon, of course.",Flora measures some size of the dress
184,Flora,"Oh gracious how the child has grown.
",497,Oh gracious how the child has grown.,
185,Merryweather,"Oh, it seems only yesterday we brought her here.
",499,"Oh, it seems only yesterday we brought her here.",
186,Fauna,"Just a tiny baby.
[Merryweather loses a tear]
",501,Just a tiny baby.,Merryweather loses a tear
187,Flora,"Why Merryweather!
",504,Why Merryweather!,
188,Fauna,"Whatever's the matter, dear?
",506,"Whatever's the matter, dear?",
189,Merryweather,"After the day she'll be a princess, and we won't have any Briar Rose.
",508,"After the day she'll be a princess, and we won't have any Briar Rose.",
190,Fauna,"Oh Flora!
",510,Oh Flora!,
191,Flora,"We all knew this day had to come.
",512,We all knew this day had to come.,
192,Fauna,"But why did it have to come so soon?
",514,But why did it have to come so soon?,
193,Flora,"After all, we've had her for sixteen years.
",516,"After all, we've had her for sixteen years.",
194,Merryweather,"Sixteen wonderful years.
",518,Sixteen wonderful years.,
195,Flora,"Good gracious, We're acting like a lot of ninnies! Come on, she'll be back before we get started.
[Briar Rose walking through the forest. she starts to sing. Birds answer her singing and wake other animals, like chipmunks, rabbits and one owl. They all come listening]
[The camera turns to the background, where Phillip rides on his horse. Briar Rose's singing is still faintly heard]
",520,"Good gracious, We're acting like a lot of ninnies! Come on, she'll be back before we get started.","Briar Rose walking through the forest. she starts to sing. Birds answer her singing and wake other animals, like chipmunks, rabbits and one owl. They all come listeningThe camera turns to the background, where Phillip rides on his horse. Briar Rose's singing is still faintly heard"
196,Phillip,"[to his horse] Hear that, Samson? Beautiful! What is it? Come on, let's find out. [turns his horse around, but it struggles back] Oh, come on! For an extra bucket of oats, and a few carrots? [horse nods with his head] Hop boy!
[They ride of towards the singing. While Samson jumps over a log, Phillip gets caught in a tree and falls off]
",524,"Hear that, Samson? Beautiful! What is it? Come on, let's find out.  Oh, come on! For an extra bucket of oats, and a few carrots?  Hop boy!","to his horseturns his horse around, but it struggles backhorse nods with his headThey ride of towards the singing. While Samson jumps over a log, Phillip gets caught in a tree and falls off"
197,Phillip,"Ohhh!
[Phillip is heard splashing into the water. Samson holds and looks at him. Phillip sprinkles some water at Samson]
",527,Ohhh!,Phillip is heard splashing into the water. Samson holds and looks at him. Phillip sprinkles some water at Samson
198,Phillip,"No carrots!
[The camera turns again to Briar Rose. She's surrounded by the animals of the forest, picks berries and sings]
",530,No carrots!,"The camera turns again to Briar Rose. She's surrounded by the animals of the forest, picks berries and sings"
199,Briar Rose,"I wonder,
I wonder,
I wonder why each little bird
Has a someone to sing to
Sweet things to
A gay little love melody.
I wonder,
I wonder,
If my heart keeps singing
Will my song go wing-ing
To someone
Who'll find me
And bring back a love song
To me!
[speaking more to herself than to the birds, but they listen and answer her]
",533,"I wonder, I wonder, I wonder why each little bird Has a someone to sing to Sweet things to A gay little love melody. I wonder, I wonder, If my heart keeps singing Will my song go wing-ing To someone Who'll find me And bring back a love song To me!","speaking more to herself than to the birds, but they listen and answer her"
200,Briar Rose,"Oh dear, why do they still treat me like a child.
",549,"Oh dear, why do they still treat me like a child.",
201,Owl,"Who?
",551,Who?,
202,Briar Rose,"Why, Flora and Fauna and Merryweather. They never want me to meet anyone. [to the animals] But you know something? I fooled 'em. I have met someone!
",553,"Why, Flora and Fauna and Merryweather. They never want me to meet anyone.  But you know something? I fooled 'em. I have met someone!",to the animals
203,Owl,"Who? Who? Who? [the animals get more and more excited as she tells the story]
",555,Who? Who? Who?,the animals get more and more excited as she tells the story
204,Briar Rose,"Oh, a prince. Well, he's tall and handsome and ... and so romantic. Oh we walked together, and talked together, and just before we say goodbye, he takes me in his arms, and then ... I wake up. [the animals sink their heads]
",557,"Oh, a prince. Well, he's tall and handsome and ... and so romantic. Oh we walked together, and talked together, and just before we say goodbye, he takes me in his arms, and then ... I wake up.",the animals sink their heads
205,Briar Rose,"Yes, it's only in my dreams. But they say if you dream a thing more than once, It's sure to come true. And I've seen him so many times!
[A chipmunk sees the prince's wet clothes hanging in a tree. He and the other animals put their heads together, make a plan and get over to that tree]
",559,"Yes, it's only in my dreams. But they say if you dream a thing more than once, It's sure to come true. And I've seen him so many times!","A chipmunk sees the prince's wet clothes hanging in a tree. He and the other animals put their heads together, make a plan and get over to that tree"
206,Phillip,"You know samson, There was something strange about that voice. Too beautiful to be real. Maybe it was a mysterious being, a wood sprite ... [Samson sees the animals running off with the clothes and neighs] There, stop!
[The owl dresses in Phillip's cape and hat and is lifted by birds, one rabbit each take the shoes, and together they approach Briar Rose]

",562,"You know samson, There was something strange about that voice. Too beautiful to be real. Maybe it was a mysterious being, a wood sprite ...  There, stop!","Samson sees the animals running off with the clothes and neighsThe owl dresses in Phillip's cape and hat and is lifted by birds, one rabbit each take the shoes, and together they approach Briar Rose"
207,Briar Rose,"Oh, why, it's my dream prince! [See Note #2] [laughs] Your highness! No, I'm really not supposed to speak to strangers. But we've met before! [dances with her 'dream prince', singing]
I know you
I walked with you
Once upon a dream
I know you
The gleam in your eyes
Is so familiar a gleam
[Phillip and Samson approach the scene, but hide behind a tree]
",566,"Oh, why, it's my dream prince!   Your highness! No, I'm really not supposed to speak to strangers. But we've met before!  I know you I walked with you Once upon a dream I know you The gleam in your eyes Is so familiar a gleam","See Note #2laughsdances with her 'dream prince', singingPhillip and Samson approach the scene, but hide behind a tree"
208,Briar Rose,"And I know it's true
That visions are seldom all they seem
But if I know you I know what you'll do
You'll love me at once
The way you did
Once upon a dream
[while Briar Rose turns around, Phillip grabs the animals and places himself instead. Briar Rose still can't see him]
",575,And I know it's true That visions are seldom all they seem But if I know you I know what you'll do You'll love me at once The way you did Once upon a dream,"while Briar Rose turns around, Phillip grabs the animals and places himself instead. Briar Rose still can't see him"
209,Briar Rose,"But if I know you
I know what you'll do
You'll love me at once
[Phillip joins her singing]
",583,But if I know you I know what you'll do You'll love me at once,Phillip joins her singing
210,Both,"The way you did
[Briar Rose stops to sing, Phillip continues]
",588,The way you did,"Briar Rose stops to sing, Phillip continues"
211,Phillip,"Once upon a dream
",591,Once upon a dream,
212,Briar Rose,"Oh? [turns around and sees Phillip] Oh! [tries halfheartedly to run off, but is held by Phillip]
",593,Oh?  Oh!,"turns around and sees Philliptries halfheartedly to run off, but is held by Phillip"
213,Phillip,"I'm awfully sorry. I didn't mean to frighten you.
",595,I'm awfully sorry. I didn't mean to frighten you.,
214,Briar Rose,"Oh it wasn't that. It's just that you're a, a ...
",597,"Oh it wasn't that. It's just that you're a, a ...",
215,Phillip,"A stranger?
",599,A stranger?,
216,Briar Rose,"Hmm-hmm.
",601,Hmm-hmm.,
217,Phillip,"But don't you remember? We've met before!
",603,But don't you remember? We've met before!,
218,Briar Rose,"We, we have?
",605,"We, we have?",
219,Phillip,,607,,
220,"Of course, You said so yourself: Once upon a dream! [sings","I know you
I walked with you
Once upon a dream
I know you
The gleam in your eyes
Is so familiar a gleam
[We see them from remote waltzing at a lake]
",608,I know you I walked with you Once upon a dream I know you The gleam in your eyes Is so familiar a gleam,We see them from remote waltzing at a lake
221,Choir,"And I know it's true
That visions are seldom all they seem
But if I know you
I know what you'll do
You'll love me at once
The way you did
Once upon a dream
[they stop dancing. Phillip lays his arm around Briar Rose]

",616,And I know it's true That visions are seldom all they seem But if I know you I know what you'll do You'll love me at once The way you did Once upon a dream,they stop dancing. Phillip lays his arm around Briar Rose
222,Phillip,"Who are you, what's your name?
",626,"Who are you, what's your name?",
223,Briar Rose,"Hmm? Oh, my name. Why, it's, it's ... Oh no, no, I can't, I ... Goodbye! [runs off]
",628,"Hmm? Oh, my name. Why, it's, it's ... Oh no, no, I can't, I ... Goodbye!",runs off
224,Phillip,"But when will I see you again?
",630,But when will I see you again?,
225,Briar Rose,"Oh never, never!
",632,"Oh never, never!",
226,Phillip,"Never?
",634,Never?,
227,Briar Rose,"Well, maybe someday.
",636,"Well, maybe someday.",
228,Phillip,"When, tomorrow?
",638,"When, tomorrow?",
229,Briar Rose,"Oh no, this evening.
",640,"Oh no, this evening.",
230,Phillip,"Where?
",642,Where?,
231,Briar Rose,"At the cottage, in the glen.
[Inside the cottage. Fauna ist lighting the candles on the cake, which starts to melt down. She tries to hold it with a broom]
",644,"At the cottage, in the glen.","Inside the cottage. Fauna ist lighting the candles on the cake, which starts to melt down. She tries to hold it with a broom"
232,Fauna,"Well, what do you think of it?
[Merryweather is still standing as a dolly in a bad joke of a dress]
",647,"Well, what do you think of it?",Merryweather is still standing as a dolly in a bad joke of a dress
233,Flora,"Why, it's a very unusual cake, isn't it?
",650,"Why, it's a very unusual cake, isn't it?",
234,Fauna,"Yes. Of course it'll be much stiffer after it's bake.
",652,Yes. Of course it'll be much stiffer after it's bake.,
235,Flora,"Of course, dear. What do you think of the dress?
",654,"Of course, dear. What do you think of the dress?",
236,Fauna,"Well, it's not exactly the way it is in the book, is it?
",656,"Well, it's not exactly the way it is in the book, is it?",
237,Flora,"Well, I improved a bit! But perhaps if I added few more ruffolds? What do you think?
",658,"Well, I improved a bit! But perhaps if I added few more ruffolds? What do you think?",
238,Fauna,"I think so. What do you think, Merryweather?
",660,"I think so. What do you think, Merryweather?",
239,Merryweather,"[struggles out of the dress, which falls to pieces] I think we've had enough of this nonsense. I think we ought to think of Rose, and what she'll think of this mess. I still think what I thunk before. I'm going to get those wands. [going off]
",662,"I think we've had enough of this nonsense. I think we ought to think of Rose, and what she'll think of this mess. I still think what I thunk before. I'm going to get those wands.","struggles out of the dress, which falls to piecesgoing off"
240,Fauna,"You know, I think she's right.
",664,"You know, I think she's right.",
241,Merryweather,"Here they are, good as new.
",666,"Here they are, good as new.",
242,Flora,"Careful, Merryweather! Quick, lock the doors. Flora, you close the windows. Pluck up every cranny, We can't take any chances! And now, [to Flora] you take care of the cake,
",668,"Careful, Merryweather! Quick, lock the doors. Flora, you close the windows. Pluck up every cranny, We can't take any chances! And now,  you take care of the cake,",to Flora
243,Merryweather,"While I ...
",670,While I ...,
244,Flora,"Clean the room, dear, And I'll make the dress. Well, hurry!
[Merryweather shortly gets angry but then starts cleaning up]
",672,"Clean the room, dear, And I'll make the dress. Well, hurry!",Merryweather shortly gets angry but then starts cleaning up
245,Merryweather,"Come on, bucket, mob, broom, Flora says, clean up the room! [they immediately start to sweep everything clean]
",675,"Come on, bucket, mob, broom, Flora says, clean up the room!",they immediately start to sweep everything clean
246,Flora,"And now to make a lovely dress, fit the grace of fair princess. [works another sheet of pink cloth with her wand]
",677,"And now to make a lovely dress, fit the grace of fair princess.",works another sheet of pink cloth with her wand
247,Fauna,"Eggs, flour, milk, [the ingredients come walking] just do it the way it's here in the book. I'll put on the candles. [the cake starts to bake itself]
[Everything proceeds smoothly and quickly, but then Merryweather sees the dress]
",679,"Eggs, flour, milk,  just do it the way it's here in the book. I'll put on the candles.","the ingredients come walkingthe cake starts to bake itselfEverything proceeds smoothly and quickly, but then Merryweather sees the dress"
248,Merryweather,"Oh no, not pink. Make it blue. [she makes it blue]
",682,"Oh no, not pink. Make it blue.",she makes it blue
249,Flora,"Merryweather! Make it pink. [she makes it pink]
",684,Merryweather! Make it pink.,she makes it pink
250,Merryweather,"Blue. [makes it blue]
",686,Blue.,makes it blue
251,Flora,"Pink. [makes it pink]
",688,Pink.,makes it pink
252,Merryweather,"Blue. [this time Flora stands before the dress and gets blue herself]
[They start fighting over the color. The camera turns to the fireplace, where blazes of color go through the chimney. We see the house from the outside, and Maleficent's pet raven, who sees the fireworks. Inside the house, the 'war' continues, until they both hit the dress at the same time, with the result that it looks like two cans of color were emptied on it]
",690,Blue.,"this time Flora stands before the dress and gets blue herselfThey start fighting over the color. The camera turns to the fireplace, where blazes of color go through the chimney. We see the house from the outside, and Maleficent's pet raven, who sees the fireworks. Inside the house, the 'war' continues, until they both hit the dress at the same time, with the result that it looks like two cans of color were emptied on it"
253,Flora,"Look what you've done!
",693,Look what you've done!,
254,Fauna,"Shh, listen! [we hear Briar Rose humming 'once upon a dream']
",695,"Shh, listen!",we hear Briar Rose humming 'once upon a dream'
255,Merryweather,"It's Rose!
",697,It's Rose!,
256,Flora,"She's back, enough of this foolishness.
",699,"She's back, enough of this foolishness.",
257,Flora,"[at the dress] Make it pink. [makes it pink] Now hide, quick.
",701,"Make it pink.  Now hide, quick.",at the dressmakes it pink
258,Merryweather,"Blue. [makes it blue]
[outside, Briar Rose hurries toward the house]
",703,Blue.,"makes it blueoutside, Briar Rose hurries toward the house"
259,Briar Rose,"And Flora,
[inside, the mob is still sweeping the floor]
",706,"And Flora,","inside, the mob is still sweeping the floor"
260,Flora,"Good gracious, who left the mob running?
",709,"Good gracious, who left the mob running?",
261,Merryweather,"Stop, mob!
[Briar Rose opens the door and enters. Maleficent's raven appears in the door]
",711,"Stop, mob!",Briar Rose opens the door and enters. Maleficent's raven appears in the door
262,Briar Rose,"And Flora, Fauna, Merryweather! Where is everybody? [sees dress and cake] Oh!
",714,"And Flora, Fauna, Merryweather! Where is everybody?  Oh!",sees dress and cake
263,Fairies,"Surprise, surprise!
",716,"Surprise, surprise!",
264,Fauna,"Happy birthday!
",718,Happy birthday!,
265,Briar Rose,"Oh you darlings, this is the happiest day of my life. Everything's so wonderful, just wait till you meet him.
",720,"Oh you darlings, this is the happiest day of my life. Everything's so wonderful, just wait till you meet him.",
266,Fauna,"Him?
",722,Him?,
267,Merryweather,"Rose!
",724,Rose!,
268,Flora,"You've met some stranger?
",726,You've met some stranger?,
269,Briar Rose,"Oh he's not a stranger, we've met before.
",728,"Oh he's not a stranger, we've met before.",
270,Flora,"You have?
",730,You have?,
271,Merryweather,"Where?
",732,Where?,
272,Briar Rose,"Once upon a dream! [starts singing, and dances with Fauna]
I know you
I walked with you
Once upon a dream ...
",734,Once upon a dream!  I know you I walked with you Once upon a dream ...,"starts singing, and dances with Fauna"
273,Fauna,"She's in love.
",739,She's in love.,
274,Merryweather,"Oh no.
",741,Oh no.,
275,Flora,"This is terrible!
",743,This is terrible!,
276,Briar Rose,"[startled] Why? After all, I am sixteen.
",745,"Why? After all, I am sixteen.",startled
277,Flora,"It isn't that, dear.
",747,"It isn't that, dear.",
278,Fauna,"You're already betrothed.
",749,You're already betrothed.,
279,Briar Rose,"Betrothed?
",751,Betrothed?,
280,Merryweather,"Since the day you were born.
",753,Since the day you were born.,
281,Fauna,"To prince Phillip, dear.
",755,"To prince Phillip, dear.",
282,Briar Rose,"But that's impossible! How could I marry a prince, I'd have to be ...
",757,"But that's impossible! How could I marry a prince, I'd have to be ...",
283,Merryweather,"A princess.
",759,A princess.,
284,Fauna,"And you are dear!
",761,And you are dear!,
285,Flora,"Princess Aurora. Tonight, we're taking you back to your father, King Stefan.
[the raven flies off]
",763,"Princess Aurora. Tonight, we're taking you back to your father, King Stefan.",the raven flies off
286,Briar Rose,"But, but I can't! He's coming here tonight, I promised to meet him.
",766,"But, but I can't! He's coming here tonight, I promised to meet him.",
287,Flora,"I'm sorry, child, but you must never see that young man again.
",768,"I'm sorry, child, but you must never see that young man again.",
288,Briar Rose,"Oh, no, no! I can't believe it. No, no!
[Briar Rose runs upward to her room]
",770,"Oh, no, no! I can't believe it. No, no!",Briar Rose runs upward to her room
289,Merryweather,"And we thought she'd be so happy.
[Briar Rose lies on her bed, crying] [Stefan castle. He's standing at the window, looking outside. Hubert is with him, eating]
",773,And we thought she'd be so happy.,"Briar Rose lies on her bed, cryingStefan castle. He's standing at the window, looking outside. Hubert is with him, eating"
290,Stefan,"[sighs] No sign of her yet, Hubert.
",776,"No sign of her yet, Hubert.",sighs
291,Hubert,"'course not. Good half hour 'till sunset. [takes a bite] Ah, excellent bird! [looks at Stefan] Oh now, come on, wake up, battle's over, girl's as good as here.
",778,"'course not. Good half hour 'till sunset.  Ah, excellent bird!  Oh now, come on, wake up, battle's over, girl's as good as here.",takes a bitelooks at Stefan
292,Stefan,"I'm sorry, Hubert, but after sixteen years of worrying, never knowing ...
",780,"I'm sorry, Hubert, but after sixteen years of worrying, never knowing ...",
293,Hubert,"The past, all in the past. [claps his hands. The Lackey [See Note #1] arrives with a bottle of wine] Tonight, we toast to future with something i've been saving for sixteen years. [fills two glasses] Here, to the future!
",782,"The past, all in the past.  arrives with a bottle of wine Tonight, we toast to future with something i've been saving for sixteen years.  Here, to the future!",claps his hands. The Lackey See Note #1fills two glasses
294,Stefan,"Right, Hubert, to the future!
",784,"Right, Hubert, to the future!",
295,Hubert,"Skumps!
",786,Skumps!,
296,Stefan,"Skumps
",788,Skumps,
297,Hubert,"A toast to this knight
",790,A toast to this knight,
298,Stefan,"The outlook is rosy
",792,The outlook is rosy,
299,Hubert,"The future is bright
",794,The future is bright,
300,Both,"Our children will marry
Our kingdoms unite
Skumps, Skumps, Skumps!
",796,"Our children will marry Our kingdoms unite Skumps, Skumps, Skumps!",
301,Hubert,"Ah, excellent vintage. And now, to the new home, ey?
",800,"Ah, excellent vintage. And now, to the new home, ey?",
302,Stefan,"New home?
",802,New home?,
303,Hubert,"Children need a nest of their own, what? Place to raise their little brood, ey?
",804,"Children need a nest of their own, what? Place to raise their little brood, ey?",
304,Stefan,"Well, I suppose in time ...
",806,"Well, I suppose in time ...",
305,Hubert,"Of course. To the home! Skumps!
",808,Of course. To the home! Skumps!,
306,Stefan,"Skumps!
",810,Skumps!,
307,Hubert,"A toast to the home
",812,A toast to the home,
308,Stefan,"One grander by far than
a palace in Rome
",814,One grander by far than a palace in Rome,
309,Hubert,"Let me fill up your glass, That glass was all foam.
",817,"Let me fill up your glass, That glass was all foam.",
310,Both,"Skumps, Skumps, Skumps!
",819,"Skumps, Skumps, Skumps!",
311,Hubert,"[claps his hands] The plans! [servant holds a castle's plan in front of Stefan face] Well, what do you think? Nothing elaborate, of course. Forty bedrooms, Dining hall, Honeymoon cottage, really.
",821,"The plans!  Well, what do you think? Nothing elaborate, of course. Forty bedrooms, Dining hall, Honeymoon cottage, really.",claps his handsservant holds a castle's plan in front of Stefan face
312,Stefan,"You mean, you're building it already?
",823,"You mean, you're building it already?",
313,Hubert,"Built man! Finished. The love-birds can move in tomorrow.
",825,Built man! Finished. The love-birds can move in tomorrow.,
314,Stefan,"Tomorrow? But Hubert, they're not even married yet.
",827,"Tomorrow? But Hubert, they're not even married yet.",
315,Hubert,"Take care of that tonight. To the wedding!
",829,Take care of that tonight. To the wedding!,
316,Stefan,"Now hold on, Hubert. I haven't even seen my daughter yet, and you're taking her away from me.
",831,"Now hold on, Hubert. I haven't even seen my daughter yet, and you're taking her away from me.",
317,Hubert,"Getting my Phillip aren't you?
",833,Getting my Phillip aren't you?,
318,Stefan,"Yes, but ...
",835,"Yes, but ...",
319,Hubert,"Want to see our grandchildren, don't we?
",837,"Want to see our grandchildren, don't we?",
320,Stefan,"Of course, but ...
",839,"Of course, but ...",
321,Hubert,"There's no time to lose! Getting on in years. To the wedding!
",841,There's no time to lose! Getting on in years. To the wedding!,
322,Stefan,"Now be reasonable, Hubert. After all, Aurora knows nothing about this.
",843,"Now be reasonable, Hubert. After all, Aurora knows nothing about this.",
323,Hubert,"Well?
",845,Well?,
324,Stefan,"Well, it may come as quite a shock ...
",847,"Well, it may come as quite a shock ...",
325,Hubert,"Shock? My Phillip a shock? [angry] What's wrong with my Phillip?
",849,Shock? My Phillip a shock?  What's wrong with my Phillip?,angry
326,Stefan,"Nothing, Hubert. I only meant ...
",851,"Nothing, Hubert. I only meant ...",
327,Hubert,"Why, doesn't your daughter like my son
",853,"Why, doesn't your daughter like my son",
328,Stefan,"Now, now ... I'm not so sure my son likes your daughter!
",855,"Now, now ... I'm not so sure my son likes your daughter!",
329,Stefan,"Now, see here ...
",857,"Now, see here ...",
330,Hubert,"I'm not so sure my grandchildren want You for a grandfather
",859,I'm not so sure my grandchildren want You for a grandfather,
331,Stefan,"Why, you unreasonable, pompous, blustering, old windbag!
",861,"Why, you unreasonable, pompous, blustering, old windbag!",
332,Hubert,"Unreasonable, pompous ... [grabs a fish and holds it like a sword] En garde, sir!
",863,"Unreasonable, pompous ...  En garde, sir!",grabs a fish and holds it like a sword
333,Stefan,"I warn you, Hubert, this means war. [uses a plate as a shield]
[they start to fight, fish against plate. then abruptly break into laughter]
",865,"I warn you, Hubert, this means war.","uses a plate as a shieldthey start to fight, fish against plate. then abruptly break into laughter"
334,Hubert,"What's this all about anyway?
",868,What's this all about anyway?,
335,Stefan,"Nothing Hubert, absolutely nothing.
",870,"Nothing Hubert, absolutely nothing.",
336,Hubert,"The children are bound to fall in love with each other.
",872,The children are bound to fall in love with each other.,
337,Stefan,"Precisely. And as for grandchildren, I'll have the royal woodcarvers start work on the cradle tomorrow.
",874,"Precisely. And as for grandchildren, I'll have the royal woodcarvers start work on the cradle tomorrow.",
338,Hubert,"Splendid! King size, of course.
",876,"Splendid! King size, of course.",
339,Stefan,"Certainly. To the woodcarver's guild!
[we hear an announcement outside]
",878,Certainly. To the woodcarver's guild!,we hear an announcement outside
340,Announcer,"His royal highness, Prince Phillip
",881,"His royal highness, Prince Phillip",
341,Hubert,"Phillip? [runs downward to meet him]
[Before the castle. Phillip arrives on his horse]
",883,Phillip?,runs downward to meet himBefore the castle. Phillip arrives on his horse
342,Hubert,"Phillip! Phillip! Phillip, hold, Phillip! [Phillip holds, Hubert runs to him] Hurry, boy, hurry, and change in something suitable. Can't meet your future bride looking like that.
",886,"Phillip! Phillip! Phillip, hold, Phillip!  Hurry, boy, hurry, and change in something suitable. Can't meet your future bride looking like that.","Phillip holds, Hubert runs to him"
343,Phillip,"Well, I have met her, father.
",888,"Well, I have met her, father.",
344,Hubert,"You have? where?
",890,You have? where?,
345,Phillip,"Once upon a dream. [starts to sing, lifts his father and starts to dance with him]
",892,Once upon a dream.,"starts to sing, lifts his father and starts to dance with him"
346,Hubert,"Oh Phillip, stop it, stop that, why, Phillip, Put me down! [Phillip puts him down] Now, what's all this dream nonsense?
",894,"Oh Phillip, stop it, stop that, why, Phillip, Put me down!  Now, what's all this dream nonsense?",Phillip puts him down
347,Phillip,"It wasn't a dream, father. I really did meet her!
",896,"It wasn't a dream, father. I really did meet her!",
348,Hubert,"Princess Aurora? Good heavens, we must tell Stefan! Why this is the most ...
",898,"Princess Aurora? Good heavens, we must tell Stefan! Why this is the most ...",
349,Phillip,"I didn't say it was Aurora.
",900,I didn't say it was Aurora.,
350,Hubert,"You most certainly did, you said ...
",902,"You most certainly did, you said ...",
351,Phillip,"I said I met the girl I was going to marry. I don't know who she was, a peasant girl I suppose.
",904,"I said I met the girl I was going to marry. I don't know who she was, a peasant girl I suppose.",
352,Hubert,"A peasant g-g-girl? You're going to marry a ... Why Phillip, you're joking! [to Samson] isn't he? [Samson shakes his head] You can't do this to me! Give up the throne, the kingdom, for some, some nobody? By Harry, I won't have it. You're a prince, and you're going to marry a princess!
",906,"A peasant g-g-girl? You're going to marry a ... Why Phillip, you're joking!  isn't he?  You can't do this to me! Give up the throne, the kingdom, for some, some nobody? By Harry, I won't have it. You're a prince, and you're going to marry a princess!",to SamsonSamson shakes his head
353,Phillip,"Now father, you're living in the past. This is the fourteenth century. Nowadays ...
",908,"Now father, you're living in the past. This is the fourteenth century. Nowadays ...",
354,Hubert,"Nowadays I'm still the king, and I command you to come to your senses.
",910,"Nowadays I'm still the king, and I command you to come to your senses.",
355,Phillip,"... and marry the girl I love.
",912,... and marry the girl I love.,
356,Hubert,"Exactly!
",914,Exactly!,
357,Phillip,"Goodbye, father! [rides off]
",916,"Goodbye, father!",rides off
358,Hubert,"Goodbye, father! Marry the girl you ... No, no, Phillip, stop, come back, hold Phillip! Phillip! Oh, how will I ever tell Stefan?
[In the woods. The fairies and Aurora, with her head down, walk cautiously towards the castle. They get inside unnoticed into some room]
",918,"Goodbye, father! Marry the girl you ... No, no, Phillip, stop, come back, hold Phillip! Phillip! Oh, how will I ever tell Stefan?","In the woods. The fairies and Aurora, with her head down, walk cautiously towards the castle. They get inside unnoticed into some room"
359,Flora,"All right, in here, dear.
",921,"All right, in here, dear.",
360,Merryweather,"[closes the door and sighs]
",923,,closes the door and sighs
361,Flora,"Lock the door, Merryweather! Fauna, pull the drapes! And now, dear, if you'll just sit here.
This one last gift, dear child for thee, the symbol of thy royalty. A crown to wear in grace and beauty, as is thy right, and royal duty.
[The fairies set the crown on her head. Aurora again breaks into tears]
",925,"Lock the door, Merryweather! Fauna, pull the drapes! And now, dear, if you'll just sit here. This one last gift, dear child for thee, the symbol of thy royalty. A crown to wear in grace and beauty, as is thy right, and royal duty.",The fairies set the crown on her head. Aurora again breaks into tears
362,Fauna,"Now, dear.
",929,"Now, dear.",
363,Flora,"Come, let her have a few moments alone. [they leave the room]
",931,"Come, let her have a few moments alone.",they leave the room
364,Merryweather,"It's that boy she met.
",933,It's that boy she met.,
365,Fauna,"Whatever are we going to do?
[Inside the room, the fire goes out, and out of a shadow, Maleficent shortly appears, then there's only a ball of light visible. Aurora gets up in spell, and starts towards the light]
",935,Whatever are we going to do?,"Inside the room, the fire goes out, and out of a shadow, Maleficent shortly appears, then there's only a ball of light visible. Aurora gets up in spell, and starts towards the light"
366,Merryweather,"I don't see why she has to marry any old prince.
",938,I don't see why she has to marry any old prince.,
367,Fauna,"Now, that's not for us to decide, dear.
[inside, the mysterious light moves beyond the fireplace, where the wall opens]
",940,"Now, that's not for us to decide, dear.","inside, the mysterious light moves beyond the fireplace, where the wall opens"
368,Fauna,"Maybe we should tell King Stefan about the boy.
",943,Maybe we should tell King Stefan about the boy.,
369,Merryweather,"Well, why don't we?
[they hear a faint sound from inside the room]
",945,"Well, why don't we?",they hear a faint sound from inside the room
370,Flora,"Listen! Maleficent!
",948,Listen! Maleficent!,
371,Fairies,"Rose, Rose!
[they open the door]
",950,"Rose, Rose!",they open the door
372,Flora,"Oh why did we leave her alone?
",953,Oh why did we leave her alone?,
373,Fairies,"Rose, Rose!
[The fairies see Aurora walking through the fireplace, but the wall reappears. Aurora slowly walks up a staircase, following the light. The fairies try pushing the wall open, then Flora uses her magic]
",955,"Rose, Rose!","The fairies see Aurora walking through the fireplace, but the wall reappears. Aurora slowly walks up a staircase, following the light. The fairies try pushing the wall open, then Flora uses her magic"
374,Fairies,"Rose, Rose! Where are you? Rose!
[There are multiple ways going off the fireplace. The fairies don't find the right way at once]
",958,"Rose, Rose! Where are you? Rose!",There are multiple ways going off the fireplace. The fairies don't find the right way at once
375,Fairies,"Rose!
[Briar Rose follows the light into a room in the tower, where the light turns into a spinning wheel. Aurora starts to reach towards it with her left hand]
",961,Rose!,"Briar Rose follows the light into a room in the tower, where the light turns into a spinning wheel. Aurora starts to reach towards it with her left hand"
376,Fairies,"Rose! Don't touch anything!
[Aurora holds back. Without seeing her, we hear Maleficent saying]
",964,Rose! Don't touch anything!,"Aurora holds back. Without seeing her, we hear Maleficent saying"
377,Maleficent,"Touch the spindle. Touch it I say!
[In a flash of light, Aurora touches the spindle with the middle finger. Just this moment, the fairies appear in the door]
",967,Touch the spindle. Touch it I say!,"In a flash of light, Aurora touches the spindle with the middle finger. Just this moment, the fairies appear in the door"
378,Fairies,"Oh!
",970,Oh!,
379,Maleficent,"You poor simple fools. Thinking you could defeat me, me, the mistress of all evil. Well, here's your precious princess.
[Maleficent turns beside, revealing Aurora laying face-down on the floor. Maleficent disappears, laughing]
",972,"You poor simple fools. Thinking you could defeat me, me, the mistress of all evil. Well, here's your precious princess.","Maleficent turns beside, revealing Aurora laying face-down on the floor. Maleficent disappears, laughing"
380,Fauna,"Rose!
",975,Rose!,
381,Flora,"Oh Rose! Oh, I'll never forgive myself.
",977,"Oh Rose! Oh, I'll never forgive myself.",
382,Fauna,"We're all to blame!
[They start crying over Aurora's motionless body. the camera turns to the window, where the last rays of the setting sun shine in deep red]
[Inside the castle. King Stefan and the Queen sit on their throne. Hubert approaches Stefan]
",979,We're all to blame!,"They start crying over Aurora's motionless body. the camera turns to the window, where the last rays of the setting sun shine in deep redInside the castle. King Stefan and the Queen sit on their throne. Hubert approaches Stefan"
383,Hubert,"Stefan, there's something important I have to tell you.
",983,"Stefan, there's something important I have to tell you.",
384,Stefan,"Not now, Hubert.
",985,"Not now, Hubert.",
385,Hubert,"But it's about Phillip.
",987,But it's about Phillip.,
386,Stefan,"Phillip, oh yes, of course, Phillip, why, where is the boy?
",989,"Phillip, oh yes, of course, Phillip, why, where is the boy?",
387,Hubert,"That's what i'm telling to tell you.
",991,That's what i'm telling to tell you.,
388,Stefan,"Well, send for him immediately!
",993,"Well, send for him immediately!",
389,Hubert,"But ...
[A fanfare sounds outside]
",995,But ...,A fanfare sounds outside
390,Announcer,"The sun has set, make ready to welcome your princess!
[The crowd before the castle cheers, and fireworks are shot into the sky. The camera turns towards the tower] [The fairies are crying at a bed they have placed Aurora on, a red rose in her hand. They go onto the balcony and see the cheering crowd]

",998,"The sun has set, make ready to welcome your princess!","The crowd before the castle cheers, and fireworks are shot into the sky. The camera turns towards the towerThe fairies are crying at a bed they have placed Aurora on, a red rose in her hand. They go onto the balcony and see the cheering crowd"
391,Fauna,"Poor King Stefan and the Queen.
",1002,Poor King Stefan and the Queen.,
392,Merryweather,"They'll be heartbroken when they find out.
",1004,They'll be heartbroken when they find out.,
393,Flora,"They're not going to.
",1006,They're not going to.,
394,Merryweather,"They aren't?
",1008,They aren't?,
395,Flora,"We'll put them all to sleep, until Rose awakens. Come!
[They fly around the castle, putting everyone to sleep. Flora has just put the spell on Hubert. While drifting off to sleep, he says ...]
",1010,"We'll put them all to sleep, until Rose awakens. Come!","They fly around the castle, putting everyone to sleep. Flora has just put the spell on Hubert. While drifting off to sleep, he says ..."
396,Hubert,"Well, just been talking to Phillip. Seems he's fallen in love with some peasant girl.
",1013,"Well, just been talking to Phillip. Seems he's fallen in love with some peasant girl.",
397,Flora,"Peasant girl? Yes, yes? The peasant girl, who is she? Where did he meet her?
",1015,"Peasant girl? Yes, yes? The peasant girl, who is she? Where did he meet her?",
398,Hubert,"Just some peasant girl he met.
",1017,Just some peasant girl he met.,
399,Flora,"Where, where?
",1019,"Where, where?",
400,Hubert,"Once upon a dream. [finally falls asleep]
",1021,Once upon a dream.,finally falls asleep
401,Flora,"Once upon a dr... Rose! Prince Phillip! [flies to Fauna and Merryweather] Come on, we've got to get back to the cottage!
[The fairies hurriedly start towards back the cottage] [Phillip on his horse, whistling 'once upon a dream' as he approaches the cottage. He knocks on the door]
",1023,"Once upon a dr... Rose! Prince Phillip!  Come on, we've got to get back to the cottage!","flies to Fauna and MerryweatherThe fairies hurriedly start towards back the cottagePhillip on his horse, whistling 'once upon a dream' as he approaches the cottage. He knocks on the door"
402,Maleficent,"Come in!
[Phillip gets in and is surprised by a couple of Maleficent's servants. He struggles, but ultimately is completely tied. Maleficent and her raven watch the scene with deep satisfaction]

",1026,Come in!,"Phillip gets in and is surprised by a couple of Maleficent's servants. He struggles, but ultimately is completely tied. Maleficent and her raven watch the scene with deep satisfaction"
403,Maleficent,"[lighting his face with a candle] Well, this is a pleasant surprise. I set my trap for a peasant, and lo! I catch a prince! [laughs] Away with him. But gently, my pets, gently, I have plans for our royal guest.
[The fairies are still on their way. As they arrive, they find the door open. They enter and find Phillip's hat on the floor]
",1030,"Well, this is a pleasant surprise. I set my trap for a peasant, and lo! I catch a prince!  Away with him. But gently, my pets, gently, I have plans for our royal guest.","lighting his face with a candlelaughsThe fairies are still on their way. As they arrive, they find the door open. They enter and find Phillip's hat on the floor"
404,Fairies,"Maleficent!
",1033,Maleficent!,
405,Merryweather,"She's got Prince Phillip!
",1035,She's got Prince Phillip!,
406,Flora,"At the forbidden mountain.
",1037,At the forbidden mountain.,
407,Fauna,"But we can't, we can't go there!
",1039,"But we can't, we can't go there!",
408,Flora,"We can, and we must.
[The fairies reach Maleficent's castle and cautiously approach it. They are surprised by some guards, but get in unnoticed. They find a window to a room where Maleficent is having a feast, with her 'pets' dancing around a huge fire]
",1041,"We can, and we must.","The fairies reach Maleficent's castle and cautiously approach it. They are surprised by some guards, but get in unnoticed. They find a window to a room where Maleficent is having a feast, with her 'pets' dancing around a huge fire"
409,Maleficent,"[talking to her raven] What a pity prince Phillip can't be here to enjoy the celebration. Come, we must go to the dungeon and cheer him up.
[Maleficent walks toward the dungeon. her raven and the fairies follow her. Maleficent talks to Phillip, who sits chained to the wall, head down]
",1044,"What a pity prince Phillip can't be here to enjoy the celebration. Come, we must go to the dungeon and cheer him up.","talking to her ravenMaleficent walks toward the dungeon. her raven and the fairies follow her. Maleficent talks to Phillip, who sits chained to the wall, head down"
410,Maleficent,"Oh come now, prince Phillip. Why so melancholy? A wondrous future lies before you. You, the destined hero of a charming fairy tale come true.
[The fairies appear in the window of the dungeon. Maleficent uses her magic stick to depict the following]
",1047,"Oh come now, prince Phillip. Why so melancholy? A wondrous future lies before you. You, the destined hero of a charming fairy tale come true.",The fairies appear in the window of the dungeon. Maleficent uses her magic stick to depict the following
411,Maleficent,"Behold, King Stefan's castle, and in yonder topmost tower, dreaming of her true love, the princess Aurora. But see the gracious whim of fate. Why, 'tis the self same peasant maid, who won the heart of our noble prince but yesterday. She is indeed most wondrous fair. Gold of sunshine in her hair, lips that shame the red, red rose. In ageless sleep she finds repose. The years roll by, but a hundred years to a steadfast heart are 'bout a day. And now, the gates of the dungeon part, and the prince is free to go his way. Off he rides on his noble steed ...
[In Maleficent's imagery, the prince is shown to be old, anything but what she's telling. Her voice drips with sarcasm]
",1050,"Behold, King Stefan's castle, and in yonder topmost tower, dreaming of her true love, the princess Aurora. But see the gracious whim of fate. Why, 'tis the self same peasant maid, who won the heart of our noble prince but yesterday. She is indeed most wondrous fair. Gold of sunshine in her hair, lips that shame the red, red rose. In ageless sleep she finds repose. The years roll by, but a hundred years to a steadfast heart are 'bout a day. And now, the gates of the dungeon part, and the prince is free to go his way. Off he rides on his noble steed ...","In Maleficent's imagery, the prince is shown to be old, anything but what she's telling. Her voice drips with sarcasm"
412,Maleficent,"... a valiant figure, straight and tall, to wake his love with love's first kiss, and prove that true love conquers all.
[Phillip struggles in his chains. Merryweather starts towards Maleficent in anger]
",1053,"... a valiant figure, straight and tall, to wake his love with love's first kiss, and prove that true love conquers all.",Phillip struggles in his chains. Merryweather starts towards Maleficent in anger
413,Merryweather,"Why, you mean ...
[Merryweather is pulled back by Flora. The raven has noticed Merryweather speaking and turns towards the window, but doesn't see the hidden fairies]
",1056,"Why, you mean ...","Merryweather is pulled back by Flora. The raven has noticed Merryweather speaking and turns towards the window, but doesn't see the hidden fairies"
414,Maleficent,"Come, my pet. Let us leave our noble prince with these happy thoughts. [at the door] A most gratifying day.
[outside the dungeon, she locks the door]
",1059,"Come, my pet. Let us leave our noble prince with these happy thoughts.  A most gratifying day.","at the dooroutside the dungeon, she locks the door"
415,Maleficent,"For the first time in sixteen years I shall sleep well.
[The fairies approach Phillip]
",1062,For the first time in sixteen years I shall sleep well.,The fairies approach Phillip
416,Flora,"Shh, no time to explain.
[using their magic, they open Phillip's chains and the doorlock]
",1065,"Shh, no time to explain.","using their magic, they open Phillip's chains and the doorlock"
417,Flora,"Wait, prince Phillip. The road to true love may be barriered by still many more dangers, which you alone will have to face. So arm thyself with this enchanted shield of virtue and this mighty sword of truth. For these weapons of righteousness will triumph over evil.
[Just outside the dungeon, the raven waits, which flies off screaming. The fairies and Phillip start upwards the stairs. The raven has called Maleficent's servants, which come streaming downstairs. Phillip fights some of them, but then they jump out a window. Some rocks are dropped towards Phillip]
",1068,"Wait, prince Phillip. The road to true love may be barriered by still many more dangers, which you alone will have to face. So arm thyself with this enchanted shield of virtue and this mighty sword of truth. For these weapons of righteousness will triumph over evil.","Just outside the dungeon, the raven waits, which flies off screaming. The fairies and Phillip start upwards the stairs. The raven has called Maleficent's servants, which come streaming downstairs. Phillip fights some of them, but then they jump out a window. Some rocks are dropped towards Phillip"
418,Flora,"Phillip, watch out!
[Flora turns the rocks into soap-bubbles. A wall of arrows is shot but quickly turned into flying flowers. Merryweather frees Samson. Phillip rides off on Samson towards the gate, where hot oil is thrown. Flora turns it into a rainbow. The raven flies towards Maleficent's tower, trying to wake her. He is followed by Merryweather, who first fails to hit him with her magic. At last, she turns him into a stone raven just outside Maleficent's door. Maleficent appears in the door]
",1071,"Phillip, watch out!","Flora turns the rocks into soap-bubbles. A wall of arrows is shot but quickly turned into flying flowers. Merryweather frees Samson. Phillip rides off on Samson towards the gate, where hot oil is thrown. Flora turns it into a rainbow. The raven flies towards Maleficent's tower, trying to wake her. He is followed by Merryweather, who first fails to hit him with her magic. At last, she turns him into a stone raven just outside Maleficent's door. Maleficent appears in the door"
419,Maleficent,"Silence! [to her raven] You, tell those fools to ... [notices that he is now of stone] No! [sees Phillip escaping] No!
[the drawbridge is raised]
",1074,"Silence!  You, tell those fools to ...  No!  No!",to her ravennotices that he is now of stonesees Phillip escapingthe drawbridge is raised
420,Flora,"Watch out, Phillip!
[Samson just makes it over the gap]
",1077,"Watch out, Phillip!",Samson just makes it over the gap
421,Flora,"Hurry, hurry, Phillip!
[Maleficent throws two spells, but cannot stop them]
",1080,"Hurry, hurry, Phillip!","Maleficent throws two spells, but cannot stop them"
422,Maleficent,"A forest of thorn shall be his tomb.
Born through the skies on a fog of doom.
Now go with the curse and serve me well,
Round Stefan's castle cast by spell!
[a black cloud appears over the castle. bolds of lightning strike everywhere, causing the growth of thick thorny bushes. Phillip has to stop before them]
",1083,"A forest of thorn shall be his tomb. Born through the skies on a fog of doom. Now go with the curse and serve me well, Round Stefan's castle cast by spell!","a black cloud appears over the castle. bolds of lightning strike everywhere, causing the growth of thick thorny bushes. Phillip has to stop before them"
423,Maleficent,"[laughs]
[Phillip stops only shortly, then starts cutting a way with his sword. finally, he is through]
",1089,,"laughsPhillip stops only shortly, then starts cutting a way with his sword. finally, he is through"
424,Maleficent,"No, it cannot be! [appears in front of Phillip] Now shall you deal with me, old prince, and all the powers of hell! [transforms herself into a huge dragon]
[Phillip courageously starts towards her. But he has no chance against the fire-spying dragon. After a short fight, he must retreat. At a wall, he has to stop]
",1092,"No, it cannot be!  Now shall you deal with me, old prince, and all the powers of hell!","appears in front of Philliptransforms herself into a huge dragonPhillip courageously starts towards her. But he has no chance against the fire-spying dragon. After a short fight, he must retreat. At a wall, he has to stop"
425,Flora,"[above the prince] Hop! come this way
[Phillip climbs up, only to see that he is now trapped on a cliff. At another blaze of fire he loses his shield]
",1095,Hop! come this way,"above the princePhillip climbs up, only to see that he is now trapped on a cliff. At another blaze of fire he loses his shield"
426,Maleficent,"[laughs]
[the fairies at the prince, they combine their magic on the sword]
",1098,,"laughsthe fairies at the prince, they combine their magic on the sword"
427,Flora,"Now sword of truth fly swift and sure,
That evil die and good endure!
[Phillip throws the sword at the dragon, which is hit deadly and collapses] [Phillip and the fairies get inside the castle and up to the tower, where Aurora lies on her bed. Phillip slowly walks towards her and gives her a faint kiss on the lips. Aurora awakens, sees Phillip and begins to smile]
[inside the throne room, everyone awakens, too]
",1101,"Now sword of truth fly swift and sure, That evil die and good endure!","Phillip throws the sword at the dragon, which is hit deadly and collapsesPhillip and the fairies get inside the castle and up to the tower, where Aurora lies on her bed. Phillip slowly walks towards her and gives her a faint kiss on the lips. Aurora awakens, sees Phillip and begins to smileinside the throne room, everyone awakens, too"
428,Stefan,"Oh, ah, forgive me, Hubert, the wine ... Now, you were saying?
",1106,"Oh, ah, forgive me, Hubert, the wine ... Now, you were saying?",
429,Hubert,"I was? oh yes, well, after all, Stefan, this is the fourteenth century.
",1108,"I was? oh yes, well, after all, Stefan, this is the fourteenth century.",
430,Stefan,"Yes, you said that a moment ago.
",1110,"Yes, you said that a moment ago.",
431,Hubert,"Well, to come right to the point, my son Phillip says he's going to marry ...
[Hubert is interrupted by a fanfare, or to be more precise, by the first notes from the 'Sleeping Beauty Waltz'. The fairies watch the scene from a balcony, as Aurora and Phillip appear arm in arm, walking down the stairs from above.]
",1112,"Well, to come right to the point, my son Phillip says he's going to marry ...","Hubert is interrupted by a fanfare, or to be more precise, by the first notes from the 'Sleeping Beauty Waltz'. The fairies watch the scene from a balcony, as Aurora and Phillip appear arm in arm, walking down the stairs from above."
432,Stefan,"It's Aurora, she's here!
",1115,"It's Aurora, she's here!",
433,Hubert,"[wipes his eyes, mouth open] and Phillip!
[Aurora and Phillip knee down before the throne. Aurora then fondly embraces her mother]
",1117,and Phillip!,"wipes his eyes, mouth openAurora and Phillip knee down before the throne. Aurora then fondly embraces her mother"
434,Hubert,"[to Phillip] What does this mean, boy? I don't ...
[Aurora kisses Hubert on the cheek]
",1120,"What does this mean, boy? I don't ...",to PhillipAurora kisses Hubert on the cheek
435,Hubert,"But, but, ...
[Aurora and Phillip start dancing]
",1123,"But, but, ...",Aurora and Phillip start dancing
436,Hubert,"[shakes his head] I don't understand
[on the balcony, Fauna loses a tear]
",1126,I don't understand,"shakes his headon the balcony, Fauna loses a tear"
437,Flora,"Why, Fauna, what's the matter, dear?
",1129,"Why, Fauna, what's the matter, dear?",
438,Fauna,"Oh, I just love happy endings.
",1131,"Oh, I just love happy endings.",
439,Flora,"Yes, I do, too. [notices that Aurora's dress is blue] Oh, Blue? [swings her wand] Pink! [the dress changes to pink]
",1133,"Yes, I do, too.  Oh, Blue?  Pink!",notices that Aurora's dress is blueswings her wandthe dress changes to pink
440,Choir,"I know you,
I walked with you
Once upon a dream
",1135,"I know you, I walked with you Once upon a dream",
441,Merryweather,"Blue! [the dress changes to blue]
",1139,Blue!,the dress changes to blue
442,Choir,"I know you,
The gleam in your eyes
Is so familiar a gleam
[The castle disappears around Aurora and Phillip, and they keep on dancing in the clouds. All the time, the dress keeps changing its color from blue to pink and back]
",1141,"I know you, The gleam in your eyes Is so familiar a gleam","The castle disappears around Aurora and Phillip, and they keep on dancing in the clouds. All the time, the dress keeps changing its color from blue to pink and back"
443,Choir,"And I know it's true
That visions are seldom all they seem
But if I know you I know what you'll do
[Aurora and Phillip kiss each other. The storybook fades in, showing the exact same scene, and is slowly closed. The storybook says ""And they lived happily ever after"" below the picture. Still, the dress changes its color]
",1146,And I know it's true That visions are seldom all they seem But if I know you I know what you'll do,"Aurora and Phillip kiss each other. The storybook fades in, showing the exact same scene, and is slowly closed. The storybook says ""And they lived happily ever after"" below the picture. Still, the dress changes its color"
444,Choir,"You'll love me at once
The way you did
Once upon a dream
The End
A Walt Disney Production
",1151,You'll love me at once The way you did Once upon a dream The End A Walt Disney Production,
